{
  "clinical": {
    "modality": "clinical",
    "mean_accuracy": 0.9020559930008749,
    "std_accuracy": 0.005334143004974769
  },
  "pathology": {
    "modality": "pathology",
    "mean_accuracy": 0.49321125502456453,
    "std_accuracy": 0.007171265240396721
  },
  "radiology": {
    "modality": "radiology",
    "mean_accuracy": 0.5762243989314336,
    "std_accuracy": 0.007415017193790231
  },
  "molecular": {
    "modality": "molecular",
    "mean_accuracy": 0.5672944585295183,
    "std_accuracy": 0.007850453068629908
  }
}