{
  "clinical": {
    "avg": {
      "1": 0.93,
      "2": 0.915,
      "3": 0.8833333333333334,
      "4": 0.87,
      "5": 0.862,
      "6": 0.8483333333333334,
      "7": 0.84,
      "8": 0.825,
      "9": 0.8122222222222224,
      "10": 0.8029999999999999,
      "11": 0.7981818181818183,
      "12": 0.7875000000000001,
      "13": 0.7800000000000001,
      "14": 0.7721428571428572,
      "15": 0.7646666666666667,
      "16": 0.756875,
      "17": 0.7523529411764706,
      "18": 0.7455555555555555,
      "19": 0.74,
      "20": 0.7350000000000001,
      "21": 0.7290476190476192,
      "22": 0.725909090909091,
      "23": 0.7200000000000002,
      "24": 0.7158333333333334,
      "25": 0.7116,
      "26": 0.7073076923076923,
      "27": 0.7022222222222223,
      "28": 0.6982142857142856,
      "29": 0.6948275862068963,
      "30": 0.6903333333333331,
      "31": 0.6874193548387098,
      "32": 0.6825,
      "33": 0.6796969696969697,
      "34": 0.6776470588235296,
      "35": 0.6734285714285714,
      "36": 0.6711111111111111,
      "37": 0.6686486486486486,
      "38": 0.6663157894736841,
      "39": 0.663846153846154,
      "40": 0.6602499999999999,
      "41": 0.657560975609756,
      "42": 0.6526190476190475,
      "43": 0.6490697674418605,
      "44": 0.6472727272727272,
      "45": 0.6451111111111111,
      "46": 0.6426086956521737,
      "47": 0.6404255319148936,
      "48": 0.6389583333333334,
      "49": 0.636734693877551,
      "50": 0.6327999999999999
    },
    "std": {
      "1": 0.2551470164434615,
      "2": 0.23510635891017498,
      "3": 0.24664414311581237,
      "4": 0.25612496949731395,
      "5": 0.24931105069771772,
      "6": 0.2506602392792993,
      "7": 0.24930924980998265,
      "8": 0.2524876234590519,
      "9": 0.2632630004527932,
      "10": 0.26436906021696255,
      "11": 0.26801381486534925,
      "12": 0.26832168711786564,
      "13": 0.2752126665586443,
      "14": 0.2789731535617061,
      "15": 0.283698588098159,
      "16": 0.28489238648128173,
      "17": 0.28592047676083265,
      "18": 0.2880522072022259,
      "19": 0.2896956087108868,
      "20": 0.2926174977679907,
      "21": 0.2952914698297176,
      "22": 0.29580084600262346,
      "23": 0.29872571204986276,
      "24": 0.30065784355125164,
      "25": 0.30364690019824014,
      "26": 0.30435181876538675,
      "27": 0.30572587845519655,
      "28": 0.3048659374149863,
      "29": 0.3066203716628565,
      "30": 0.3082313344803794,
      "31": 0.3087585494062077,
      "32": 0.3079582459522719,
      "33": 0.3079973226840334,
      "34": 0.3080219288468258,
      "35": 0.30937079001464524,
      "36": 0.31070707891660415,
      "37": 0.31067258971228706,
      "38": 0.31065742102997834,
      "39": 0.31168130100966845,
      "40": 0.3121717275795487,
      "41": 0.3113158349296255,
      "42": 0.31078670931171953,
      "43": 0.3118724309654868,
      "44": 0.31239014598060727,
      "45": 0.3126699833986603,
      "46": 0.3128519945763444,
      "47": 0.31236042605104214,
      "48": 0.3114294858435498,
      "49": 0.3114636083749446,
      "50": 0.3119682035079857
    }
  },
  "pathology": {
    "avg": {
      "1": 0.6,
      "2": 0.57,
      "3": 0.55,
      "4": 0.54,
      "5": 0.528,
      "6": 0.5066666666666667,
      "7": 0.5,
      "8": 0.49,
      "9": 0.47444444444444445,
      "10": 0.46099999999999997,
      "11": 0.4472727272727273,
      "12": 0.42833333333333334,
      "13": 0.4146153846153846,
      "14": 0.4042857142857143,
      "15": 0.3966666666666667,
      "16": 0.386875,
      "17": 0.3747058823529411,
      "18": 0.36611111111111105,
      "19": 0.35578947368421054,
      "20": 0.34950000000000003,
      "21": 0.34619047619047616,
      "22": 0.3386363636363637,
      "23": 0.333913043478261,
      "24": 0.33083333333333337,
      "25": 0.3248,
      "26": 0.32076923076923075,
      "27": 0.3192592592592592,
      "28": 0.31714285714285717,
      "29": 0.313448275862069,
      "30": 0.3096666666666667,
      "31": 0.30612903225806454,
      "32": 0.3034375,
      "33": 0.3003030303030303,
      "34": 0.2964705882352941,
      "35": 0.29257142857142854,
      "36": 0.2897222222222222,
      "37": 0.28648648648648645,
      "38": 0.2842105263157895,
      "39": 0.2825641025641026,
      "40": 0.28099999999999997,
      "41": 0.2787804878048781,
      "42": 0.2761904761904762,
      "43": 0.27511627906976743,
      "44": 0.27295454545454545,
      "45": 0.2711111111111111,
      "46": 0.27,
      "47": 0.26829787234042546,
      "48": 0.26458333333333334,
      "49": 0.26285714285714284,
      "50": 0.2612
    },
    "std": {
      "1": 0.48989794855663565,
      "2": 0.4243819034784589,
      "3": 0.4065436972550156,
      "4": 0.39642149285829603,
      "5": 0.38937899275641463,
      "6": 0.36887215490826447,
      "7": 0.36393540579591416,
      "8": 0.3591134918100405,
      "9": 0.36204324139800664,
      "10": 0.3481077419420603,
      "11": 0.3415279231835218,
      "12": 0.336241480685137,
      "13": 0.32760471924410056,
      "14": 0.32170147145248473,
      "15": 0.3172625971581831,
      "16": 0.30881515000886856,
      "17": 0.30265892047869447,
      "18": 0.2998039482852209,
      "19": 0.29465412373082267,
      "20": 0.2929586148246882,
      "21": 0.2868117810209795,
      "22": 0.2842544983543985,
      "23": 0.28169618566958615,
      "24": 0.27737735027295296,
      "25": 0.2745923524062533,
      "26": 0.2715951128526502,
      "27": 0.26906228466946097,
      "28": 0.26794189135493,
      "29": 0.2650060013230221,
      "30": 0.26483936431144234,
      "31": 0.2635503612671352,
      "32": 0.2613552045947239,
      "33": 0.25898349713955443,
      "34": 0.2582774988960249,
      "35": 0.2562562493015974,
      "36": 0.255472661676739,
      "37": 0.2542839672721962,
      "38": 0.25271380240892627,
      "39": 0.25227381469454796,
      "40": 0.25157305102097083,
      "41": 0.25002688731083744,
      "42": 0.24743582965269675,
      "43": 0.24664443548443452,
      "44": 0.2451491155255821,
      "45": 0.24454543368421844,
      "46": 0.2432487272098766,
      "47": 0.2420280803345742,
      "48": 0.2388939356702049,
      "49": 0.2378453888304789,
      "50": 0.23756801131465488
    }
  },
  "radiology": {
    "avg": {
      "1": 0.52,
      "2": 0.485,
      "3": 0.46,
      "4": 0.42,
      "5": 0.3940000000000001,
      "6": 0.37833333333333335,
      "7": 0.37142857142857133,
      "8": 0.37125,
      "9": 0.36444444444444435,
      "10": 0.35900000000000004,
      "11": 0.35454545454545444,
      "12": 0.35,
      "13": 0.3523076923076923,
      "14": 0.34642857142857136,
      "15": 0.344,
      "16": 0.3375,
      "17": 0.33470588235294124,
      "18": 0.33333333333333337,
      "19": 0.32894736842105265,
      "20": 0.327,
      "21": 0.3223809523809523,
      "22": 0.31999999999999995,
      "23": 0.3182608695652174,
      "24": 0.3154166666666666,
      "25": 0.316,
      "26": 0.31461538461538463,
      "27": 0.31037037037037035,
      "28": 0.31,
      "29": 0.31068965517241387,
      "30": 0.31000000000000005,
      "31": 0.30806451612903224,
      "32": 0.3084375,
      "33": 0.3054545454545454,
      "34": 0.3047058823529412,
      "35": 0.30171428571428566,
      "36": 0.3005555555555555,
      "37": 0.2981081081081081,
      "38": 0.2963157894736842,
      "39": 0.2941025641025641,
      "40": 0.29375,
      "41": 0.2926829268292683,
      "42": 0.29214285714285715,
      "43": 0.2906976744186046,
      "44": 0.28954545454545455,
      "45": 0.2891111111111111,
      "46": 0.28847826086956524,
      "47": 0.28702127659574467,
      "48": 0.2864583333333333,
      "49": 0.2869387755102041,
      "50": 0.2858
    },
    "std": {
      "1": 0.49959983987187184,
      "2": 0.4150602365922325,
      "3": 0.3823320255717246,
      "4": 0.35510561809129404,
      "5": 0.34112167917035113,
      "6": 0.33570406941564207,
      "7": 0.32826072265931594,
      "8": 0.31989011785299026,