{
  "clinical": {
    "modality": "clinical",
    "n_samples": 10771,
    "n_classes": 32,
    "embedding_dim": 1024,
    "failure_rate": 0.0019496796954786,
    "ami_clustering": 0.7310701766886025,
    "precision@1": {
      "mean": 0.987837712375824,
      "std": 0.10961006515791713
    },
    "precision@5": {
      "mean": 0.9757125615077524,
      "std": 0.11182370291615552
    },
    "precision@10": {
      "mean": 0.9638102311763066,
      "std": 0.12960064070507357
    },
    "precision@20": {
      "mean": 0.9474004270726951,
      "std": 0.15457381997286646
    }
  },
  "pathology": {
    "modality": "pathology",
    "n_samples": 10857,
    "n_classes": 32,
    "embedding_dim": 1024,
    "failure_rate": 0.03426360873169384,
    "ami_clustering": 0.3512673136033417,
    "precision@1": {
      "mean": 0.8192870958828405,
      "std": 0.38478013254675947
    },
    "precision@5": {
      "mean": 0.7474624666114028,
      "std": 0.3174041273001734
    },
    "precision@10": {
      "mean": 0.7036566270608824,
      "std": 0.313781106277727
    },
    "precision@20": {
      "mean": 0.651132909643548,
      "std": 0.31606622711944604
    }
  },
  "wsi": {
    "modality": "wsi",
    "n_samples": 7905,
    "n_classes": 22,
    "embedding_dim": 1024,
    "failure_rate": 0.3912713472485769,
    "ami_clustering": 0.047284180343981054,
    "precision@1": {
      "mean": 0.16748893105629348,
      "std": 0.3734118222953227
    },
    "precision@5": {
      "mean": 0.13968374446552814,
      "std": 0.19445872243896659
    },
    "precision@10": {
      "mean": 0.12888045540796964,
      "std": 0.1537046594332176
    },
    "precision@20": {
      "mean": 0.11873497786211258,
      "std": 0.12403981618748702
    }
  },
  "molecular": {
    "modality": "molecular",
    "n_samples": 13153,
    "n_classes": 32,
    "embedding_dim": 48,
    "failure_rate": 0.5140272181251425,
    "ami_clustering": 0.025905383420115047,
    "precision@1": {
      "mean": 0.10317037938112979,
      "std": 0.3041812818032752
    },
    "precision@5": {
      "mean": 0.08315973542157683,
      "std": 0.1353392951352832
    },
    "precision@10": {
      "mean": 0.076454040903216,
      "std": 0.1006320089315602
    },
    "precision@20": {
      "mean": 0.07071390557287312,
      "std": 0.07883435580209008
    }
  },
  "radiology": {
    "modality": "radiology",
    "n_samples": 1104,
    "n_classes": 18,
    "embedding_dim": 1000,
    "failure_rate": 0.18931159420289856,
    "ami_clustering": 0.20753696648576328,
    "precision@1": {
      "mean": 0.46648550724637683,
      "std": 0.49887551430739446
    },
    "precision@5": {
      "mean": 0.39800724637681156,
      "std": 0.36230393991098997
    },
    "precision@10": {
      "mean": 0.3713768115942028,
      "std": 0.33518801133178777
    },
    "precision@20": {
      "mean": 0.3420289855072464,
      "std": 0.30981068183671495
    }
  },
  "multimodal_concat": {
    "modality": "multimodal_concat",
    "n_samples": 2994,
    "n_classes": 32,
    "embedding_dim": 4120,
    "failure_rate": 0.5140280561122245,
    "ami_clustering": 0.060317420585723903,
    "precision@1": {
      "mean": 0.11656646626586506,
      "std": 0.3209029841060286
    },
    "precision@5": {
      "mean": 0.11242484969939881,
      "std": 0.17782719200812847
    },
    "precision@10": {
      "mean": 0.10394121576486305,
      "std": 0.1423787482992437
    },
    "precision@20": {
      "mean": 0.09422177688710753,
      "std": 0.11719277796774814
    }
  },
  "multimodal_mean_pool": {
    "modality": "multimodal_mean_pool",
    "n_samples": 2994,
    "n_classes": 32,
    "embedding_dim": 1024,
    "failure_rate": 0.5130260521042084,
    "ami_clustering": 0.0610198042899185,
    "precision@1": {
      "mean": 0.12090848363393454,
      "std": 0.3260208923048907
    },
    "precision@5": {
      "mean": 0.11770207080828322,
      "std": 0.18417864596539496
    },
    "precision@10": {
      "mean": 0.10991983967935873,
      "std": 0.15043399780601285
    },
    "precision@20": {
      "mean": 0.09928189712758852,
      "std": 0.12265973060448719
    }
  },
  "multimodal_kronecker": {
    "modality": "multimodal_kronecker",
    "n_samples": 2994,
    "n_classes": 32,
    "embedding_dim": 100,
    "failure_rate": 0.521376085504342,
    "ami_clustering": 0.052290539776150266,
    "precision@1": {
      "mean": 0.11589846359385438,
      "std": 0.3201031235874439
    },
    "precision@5": {
      "mean": 0.10995323981295926,
      "std": 0.17395877229996623
    },
    "precision@10": {
      "mean": 0.10464261857047429,
      "std": 0.14446532338226828
    },
    "precision@20": {
      "mean": 0.09772879091516366,
      "std": 0.12127489624950563
    }
  }
}