Modality,NMI_Score
clinical,0.4390972887023981
molecular,0.286069152206455
pathology,0.28815902361489293
radiology,0.1308003583548177
multimodal,0.4907730768463852
