Model,Fold,C-index,Time (s)
cox,1.0,0.6500171057133083,0.07747149467468262
cox,2.0,0.6328205128205128,0.06839776039123535
cox,3.0,0.588034188034188,0.08370566368103027
cox,4.0,0.5856996236743072,0.07382726669311523
cox,5.0,0.613061797752809,0.11268138885498047
rsf,1.0,0.657543619568936,0.18552565574645996
rsf,2.0,0.5917948717948718,0.19164228439331055
rsf,3.0,0.5935042735042735,0.1927189826965332
rsf,4.0,0.5716729387615463,0.18575787544250488
rsf,5.0,0.6242977528089888,0.18895769119262695
