Model,Fold,C-index,Time (s)
cox,1.0,0.651043448511803,0.066986083984375
cox,2.0,0.637948717948718,0.07320618629455566
cox,3.0,0.5941880341880342,0.0665590763092041
cox,4.0,0.5720150530277113,0.06616473197937012
cox,5.0,0.6271067415730337,0.06672239303588867
rsf,1.0,0.6640437906260691,0.1798079013824463
rsf,2.0,0.5852991452991453,0.16957592964172363
rsf,3.0,0.5921367521367521,0.17355108261108398
rsf,4.0,0.579883681149504,0.17310738563537598
rsf,5.0,0.6348314606741573,0.16755366325378418
