Modality,DeepSurv C-index
Clinical,0.6333789329685362
Pathology,0.6337209302325582
Radiology,0.5208618331053352
Molecular,0.6121751025991792
Multimodal,0.6538987688098495
