Modality,DeepSurv C-index
Clinical,0.6326949384404925
Pathology,0.6456908344733242
Radiology,0.5735294117647058
Molecular,0.6309849521203831
Multimodal,0.6621067031463749
