Modality,Cox PH C-index
Clinical,0.6367989056087552
Pathology,0.6313269493844049
Radiology,0.5820793433652531
Molecular,0.5810533515731874
Multimodal,0.658686730506156
