Modality,Cox PH C-index
Clinical,0.6320109439124487
Pathology,0.6391928864569083
Radiology,0.5772913816689467
Molecular,0.5810533515731874
Multimodal,0.6566347469220246
