Model,Fold,C-index,Time (s)
cox,1.0,0.6291481354772493,0.07830572128295898
cox,2.0,0.5623931623931624,0.08981561660766602
cox,3.0,0.5784615384615385,0.0886540412902832
cox,4.0,0.4741703729045501,0.08912968635559082
cox,5.0,0.5800561797752809,0.08902406692504883
rsf,1.0,0.5104344851180295,0.1699967384338379
rsf,2.0,0.5488888888888889,0.1707301139831543
rsf,3.0,0.6085470085470085,0.1832568645477295
rsf,4.0,0.5005131713992473,0.18700313568115234
rsf,5.0,0.4998244382022472,0.1749579906463623
