Model,Fold,C-index,Time (s)
cox,1.0,0.6294902497434143,0.07764816284179688
cox,2.0,0.5623931623931624,0.08614015579223633
cox,3.0,0.5791452991452991,0.08417797088623047
cox,4.0,0.47314403010605544,0.08643841743469238
cox,5.0,0.579002808988764,0.08505582809448242
rsf,1.0,0.5104344851180295,0.16487383842468262
rsf,2.0,0.5488888888888889,0.17365598678588867
rsf,3.0,0.6085470085470085,0.17323660850524902
rsf,4.0,0.5005131713992473,0.1692214012145996
rsf,5.0,0.4998244382022472,0.16099190711975098
