Model,Fold,C-index,Time (s)
cox,1.0,0.6749914471433459,0.06906461715698242
cox,2.0,0.598974358974359,0.07477593421936035
cox,3.0,0.5162393162393163,0.07796144485473633
cox,4.0,0.5521724255901471,0.0891721248626709
cox,5.0,0.6127106741573034,0.0804140567779541
rsf,1.0,0.6626753335614095,0.1877448558807373
rsf,2.0,0.5935042735042735,0.17032647132873535
rsf,3.0,0.5213675213675214,0.1954798698425293
rsf,4.0,0.5518303113239822,0.17106914520263672
rsf,5.0,0.625,0.15581679344177246
