Model,Fold,C-index,Time (s)
cox,1.0,0.6749914471433459,0.07656693458557129
cox,2.0,0.598974358974359,-0.48352909088134766
cox,3.0,0.5162393162393163,0.09367728233337402
cox,4.0,0.5521724255901471,0.09017395973205566
cox,5.0,0.6127106741573034,0.09390115737915039
rsf,1.0,0.6626753335614095,-0.3201618194580078
rsf,2.0,0.5935042735042735,0.16190195083618164
rsf,3.0,0.5213675213675214,0.16270184516906738
rsf,4.0,0.5518303113239822,0.1716020107269287
rsf,5.0,0.625,0.17853307723999023
