Model,Fold,C-index,Time (s)
cox,1.0,0.6647280191583989,0.06938052177429199
cox,2.0,0.6003418803418803,0.0719296932220459
cox,3.0,0.518974358974359,0.06670355796813965
cox,4.0,0.5614095107765994,0.0674736499786377
cox,5.0,0.5972612359550562,0.07436156272888184
rsf,1.0,0.6537803626411222,0.17332911491394043
rsf,2.0,0.5866666666666667,0.1720266342163086
rsf,3.0,0.504957264957265,0.16599202156066895
rsf,4.0,0.5398563120082107,0.18094515800476074
rsf,5.0,0.5821629213483146,0.16876769065856934
