Model,Fold,C-index,Time (s)
cox,1.0,0.6647280191583989,0.07901501655578613
cox,2.0,0.6003418803418803,0.08077836036682129
cox,3.0,0.518974358974359,0.07984590530395508
cox,4.0,0.5614095107765994,0.0760502815246582
cox,5.0,0.5972612359550562,0.07716536521911621
rsf,1.0,0.6537803626411222,0.1740584373474121
rsf,2.0,0.5866666666666667,0.16981983184814453
rsf,3.0,0.504957264957265,0.16807198524475098
rsf,4.0,0.5398563120082107,0.16794681549072266
rsf,5.0,0.5821629213483146,0.16740751266479492
