Model,Fold,C-index,Time (s)
cox,1.0,0.6185425932261376,0.08734464645385742
cox,2.0,0.614017094017094,0.09267950057983398
cox,3.0,0.5528205128205128,0.09269833564758301
cox,4.0,0.5313034553540883,0.12274861335754395
cox,5.0,0.5214185393258427,0.0915067195892334
rsf,1.0,0.6383852206637016,0.17109036445617676
rsf,2.0,0.5716239316239317,0.17779874801635742
rsf,3.0,0.5203418803418803,0.16312336921691895
rsf,4.0,0.46048580225795416,0.1711735725402832
rsf,5.0,0.4901685393258427,0.1741037368774414
