Model,Fold,C-index,Time (s)
cox,1.0,0.6185425932261376,0.07647204399108887
cox,2.0,0.614017094017094,0.07363128662109375
cox,3.0,0.5528205128205128,0.07350611686706543
cox,4.0,0.5313034553540883,0.12003302574157715
cox,5.0,0.5214185393258427,0.06975173950195312
rsf,1.0,0.6383852206637016,0.1675732135772705
rsf,2.0,0.5716239316239317,0.16726207733154297
rsf,3.0,0.5203418803418803,0.18636393547058105
rsf,4.0,0.46048580225795416,0.18121051788330078
rsf,5.0,0.4901685393258427,0.1729741096496582
