Modality,Random Survival Forest C-index
Clinical,0.6234610123119015
Pathology,0.6073871409028728
Radiology,0.5506155950752394
Molecular,0.6084131326949385
Multimodal,0.625170998632011
