Modality,Random Survival Forest C-index
Clinical,0.6364569083447332
Pathology,0.6049931600547196
Radiology,0.5642954856361149
Molecular,0.6111491108071135
Multimodal,0.6272229822161423
