{
  "clinical": {
    "mean_accuracy": 0.9853591160220996,
    "std_accuracy": 0.0031684439289291363,
    "mean_f1": 0.9851443773809642,
    "std_f1": 0.0032237259722369296,
    "mean_precision": 0.9857673095957397,
    "std_precision": 0.003118071143643464,
    "mean_recall": 0.9853591160220996,
    "std_recall": 0.0031684439289291363,
    "accuracies": [
      0.9843462246777164,
      0.9903314917127072,
      0.9843462246777164,
      0.9843462246777164,
      0.9829650092081031,
      0.9792817679558011,
      0.9875690607734806,
      0.9894106813996317,
      0.9834254143646409,
      0.9875690607734806
    ]
  },
  "pathology": {
    "mean_accuracy": 0.7866942909760589,
    "std_accuracy": 0.006031307550644569,
    "mean_f1": 0.7712627640943349,
    "std_f1": 0.006396442433910271,
    "mean_precision": 0.785166562353115,
    "std_precision": 0.007973826430593798,
    "mean_recall": 0.7866942909760589,
    "std_recall": 0.006031307550644569,
    "accuracies": [
      0.783609576427256,
      0.7900552486187845,
      0.7946593001841621,
      0.7877532228360957,
      0.7849907918968693,
      0.7849907918968693,
      0.7767034990791897,
      0.7849907918968693,
      0.7983425414364641,
      0.7808471454880295
    ]
  },
  "radiology": {
    "mean_accuracy": 0.47782608695652173,
    "std_accuracy": 0.03513140334437522,
    "mean_f1": 0.44107008037027934,
    "std_f1": 0.030091626335107008,
    "mean_precision": 0.4294280750578997,
    "std_precision": 0.031919838478017055,
    "mean_recall": 0.47782608695652173,
    "std_recall": 0.03513140334437522,
    "accuracies": [
      0.5,
      0.4782608695652174,
      0.5,
      0.4652173913043478,
      0.4,
      0.5217391304347826,
      0.4652173913043478,
      0.5260869565217391,
      0.45217391304347826,
      0.46956521739130436
    ]
  },
  "molecular": {
    "mean_accuracy": 0.5672944585295183,
    "std_accuracy": 0.007850453068629908,
    "mean_f1": 0.5573408837508002,
    "std_f1": 0.007209781547740841,
    "mean_precision": 0.5705566249990333,
    "std_precision": 0.008143812725399793,
    "mean_recall": 0.5672944585295183,
    "std_recall": 0.007850453068629908,
    "accuracies": [
      0.5726186164433177,
      0.5722564288301341,
      0.5657370517928287,
      0.555595798623687,
      0.5744295545092358,
      0.5534226729445852,
      0.5668236146323796,
      0.5617529880478087,
      0.5787758058674394,
      0.5715320536037668
    ]
  },
  "wsi": {
    "mean_accuracy": 0.2841191066997518,
    "std_accuracy": 0.008192344426411497,
    "mean_f1": 0.2482835013537009,
    "std_f1": 0.007878156443094765,
    "mean_precision": 0.2532597424336163,
    "std_precision": 0.010611487881016925,
    "mean_recall": 0.2841191066997518,
    "std_recall": 0.008192344426411497,
    "accuracies": [
      0.28970223325062033,
      0.2903225806451613,
      0.27481389578163773,
      0.29156327543424315,
      0.29280397022332505,
      0.2692307692307692,
      0.28970223325062033,
      0.2834987593052109,
      0.2866004962779156,
      0.2729528535980149
    ]
  },
  "multimodal_concat": {
    "mean_accuracy": 0.9872103799814642,
    "std_accuracy": 0.002115423950048812,
    "mean_f1": 0.9866330909170694,
    "std_f1": 0.002173454017998552,
    "mean_precision": 0.9879950164647978,
    "std_precision": 0.0019961195761929785,
    "mean_recall": 0.9872103799814642,
    "std_recall": 0.002115423950048812,
    "accuracies": [
      0.9879518072289156,
      0.9907321594068582,
      0.9870250231696015,
      0.9860982391102873,
      0.9893419833178869,
      0.9884151992585728,
      0.9870250231696015,
      0.9879518072289156,
      0.9842446709916589,
      0.9833178869323448
    ]
  },
  "multimodal_mean_pool": {
    "mean_accuracy": 0.9196941612604264,
    "std_accuracy": 0.00581755428080624,
    "mean_f1": 0.912953245504449,
    "std_f1": 0.0064832563678581005,
    "mean_precision": 0.9193345170117014,
    "std_precision": 0.006258941017975895,
    "mean_recall": 0.9196941612604264,
    "std_recall": 0.00581755428080624,
    "accuracies": [
      0.9179796107506951,
      0.9323447636700649,
      0.9216867469879518,
      0.9147358665430955,
      0.9179796107506951,
      0.9119555143651529,
      0.9212233549582948,
      0.91241890639481,
      0.9221501390176089,
      0.9244670991658943
    ]
  },
  "multimodal_kp": {
    "mean_accuracy": 0.9849860982391103,
    "std_accuracy": 0.0014387557642502337,
    "mean_f1": 0.9839929208063036,
    "std_f1": 0.001854155418080894,
    "mean_precision": 0.9862140969003056,
    "std_precision": 0.001201548382279624,
    "mean_recall": 0.9849860982391103,
    "std_recall": 0.0014387557642502337,
    "accuracies": [
      0.9851714550509731,
      0.9856348470806302,
      0.9842446709916589,
      0.9856348470806302,
      0.9833178869323448,
      0.9884151992585728,
      0.9851714550509731,
      0.9847080630213161,
      0.9847080630213161,
      0.9828544949026877
    ]
  }
}