{
  "clinical": {
    "mean_accuracy": 0.8857830271216098,
    "std_accuracy": 0.0063284596140337586,
    "mean_f1": 0.8832754971796739,
    "std_f1": 0.006523016166231235,
    "mean_precision": 0.8894492651565604,
    "std_precision": 0.00599745111816772,
    "mean_recall": 0.8857830271216098,
    "std_recall": 0.0063284596140337586,
    "accuracies": [
      0.8792650918635171,
      0.8832020997375328,
      0.889763779527559,
      0.8814523184601925,
      0.8893263342082239,
      0.8836395450568679,
      0.8753280839895013,
      0.8928258967629047,
      0.8976377952755905,
      0.8853893263342082
    ]
  },
  "pathology": {
    "mean_accuracy": 0.44450945094509453,
    "std_accuracy": 0.007964779463864934,
    "mean_f1": 0.41659919989610505,
    "std_f1": 0.008051492375306743,
    "mean_precision": 0.47174015644239303,
    "std_precision": 0.014516915975211727,
    "mean_recall": 0.44450945094509453,
    "std_recall": 0.007964779463864934,
    "accuracies": [
      0.4351935193519352,
      0.4531953195319532,
      0.44554455445544555,
      0.44374437443744374,
      0.4585958595859586,
      0.44554455445544555,
      0.4464446444644464,
      0.4288928892889289,
      0.4405940594059406,
      0.44734473447344736
    ]
  },
  "radiology": {
    "mean_accuracy": 0.47782608695652173,
    "std_accuracy": 0.03513140334437522,
    "mean_f1": 0.44107008037027934,
    "std_f1": 0.030091626335107008,
    "mean_precision": 0.4294280750578997,
    "std_precision": 0.031919838478017055,
    "mean_recall": 0.47782608695652173,
    "std_recall": 0.03513140334437522,
    "accuracies": [
      0.5,
      0.4782608695652174,
      0.5,
      0.4652173913043478,
      0.4,
      0.5217391304347826,
      0.4652173913043478,
      0.5260869565217391,
      0.45217391304347826,
      0.46956521739130436
    ]
  },
  "molecular": {
    "mean_accuracy": 0.5672944585295183,
    "std_accuracy": 0.007850453068629908,
    "mean_f1": 0.5573408837508002,
    "std_f1": 0.007209781547740841,
    "mean_precision": 0.5705566249990333,
    "std_precision": 0.008143812725399793,
    "mean_recall": 0.5672944585295183,
    "std_recall": 0.007850453068629908,
    "accuracies": [
      0.5726186164433177,
      0.5722564288301341,
      0.5657370517928287,
      0.555595798623687,
      0.5744295545092358,
      0.5534226729445852,
      0.5668236146323796,
      0.5617529880478087,
      0.5787758058674394,
      0.5715320536037668
    ]
  },
  "wsi": {
    "mean_accuracy": 0.2841191066997518,
    "std_accuracy": 0.008192344426411497,
    "mean_f1": 0.2482835013537009,
    "std_f1": 0.007878156443094765,
    "mean_precision": 0.2532597424336163,
    "std_precision": 0.010611487881016925,
    "mean_recall": 0.2841191066997518,
    "std_recall": 0.008192344426411497,
    "accuracies": [
      0.28970223325062033,
      0.2903225806451613,
      0.27481389578163773,
      0.29156327543424315,
      0.29280397022332505,
      0.2692307692307692,
      0.28970223325062033,
      0.2834987593052109,
      0.2866004962779156,
      0.2729528535980149
    ]
  },
  "multimodal_concat": {
    "mean_accuracy": 0.8978845306302334,
    "std_accuracy": 0.00421829497572555,
    "mean_f1": 0.8953805322346156,
    "std_f1": 0.004549012796392928,
    "mean_precision": 0.9009790401027141,
    "std_precision": 0.0038966378141371575,
    "mean_recall": 0.8978845306302334,
    "std_recall": 0.00421829497572555,
    "accuracies": [
      0.8968708682238872,
      0.8973115910092552,
      0.8920229175848391,
      0.8907007492287351,
      0.9048038783605112,
      0.9030409872190392,
      0.8968708682238872,
      0.9008373732921993,
      0.8964301454385192,
      0.8999559277214632
    ]
  },
  "multimodal_mean_pool": {
    "mean_accuracy": 0.7071397091229616,
    "std_accuracy": 0.00918407491589893,
    "mean_f1": 0.6916571033568942,
    "std_f1": 0.009100169652856654,
    "mean_precision": 0.7139362248067875,
    "std_precision": 0.007294716117158269,
    "mean_recall": 0.7071397091229616,
    "std_recall": 0.00918407491589893,
    "accuracies": [
      0.6950198325253416,
      0.7047157338034377,
      0.6950198325253416,
      0.7170559717937417,
      0.7232260907888938,
      0.7161745262230057,
      0.7082415160863816,
      0.7108858527985897,
      0.7016306743058616,
      0.6994270603790216
    ]
  },
  "multimodal_kp": {
    "mean_accuracy": 0.8952401939180256,
    "std_accuracy": 0.005307188100058478,
    "mean_f1": 0.8924516059765709,
    "std_f1": 0.005628113839192003,
    "mean_precision": 0.8987143577872476,
    "std_precision": 0.004868768664280781,
    "mean_recall": 0.8952401939180256,
    "std_recall": 0.005307188100058478,
    "accuracies": [
      0.8981930365799912,
      0.8981930365799912,
      0.8862935213750551,
      0.8898193036579991,
      0.8867342441604231,
      0.9012780960775673,
      0.8999559277214632,
      0.8990744821507272,
      0.8946672542970472,
      0.8981930365799912
    ]
  }
}