Modality,Silhouette Score,Davies-Bouldin Index,Calinski-Harabasz Index,K-means AMI,K-means ARI,K-means V-measure,DBSCAN AMI,DBSCAN ARI,DBSCAN V-measure,Avg Intercluster Distance,Integrated Score
Clinical,0.737664,1.356716644228851,234.40744,0.6303488519508305,0.7019605655276124,0.382970187205838,0.4384509450294778,0.34147766224480014,0.4434302924217701,7.833963080209041,0.6899911339257163
Pathology,0.1313617,1.853882749009219,154.72345,0.40748362913927877,0.32441697449478824,0.24882459157248407,,,,6.6904229761883585,0.28775409892597054
Radiology,0.10804866,5.711334629938977,78.95867,0.4035743992301432,0.2359258522040966,0.24669810333977524,,,,6.524853053743047,0.24918297132584555
Molecular,0.313873,1.5208962125081367,209.09567,0.5787977662868938,0.458751123907635,0.351811088993746,0.2958012835983682,0.18434442906083343,0.30230506121373063,9.54420312687855,0.45047396106231
Multimodal,1.0,0.7747779578271362,434.4892,1.0,1.0,0.6053679494598181,0.4802814531627084,0.35065443135329405,0.48564514364470346,7.2292585860065115,1.0
