{
  "silhouette": {
    "clinical": 0.01863168738782406,
    "molecular": -0.3534299433231354,
    "pathology": -0.07777847349643707,
    "radiology": -0.429811030626297,
    "multimodal": -0.00471394183114171
  },
  "nmi": {
    "clinical": 0.4390972887023981,
    "molecular": 0.286069152206455,
    "pathology": 0.28815902361489293,
    "radiology": 0.1308003583548177,
    "multimodal": 0.4907730768463852
  },
  "misclassification": {
    "clinical": {
      "OV": 24.113475177304966,
      "BRCA": 48.201438848920866
    },
    "multimodal": {
      "OV": 26.241134751773053,
      "BRCA": 49.64028776978417
    }
  },
  "distances": {
    "radiology": {
      "inter_KIRC": 153.29000854492188
    },
    "multimodal": {
      "intra_KIRC": 36.21512560540817,
      "inter_KIRC": 168.73667907714844
    }
  }
}