{
  "timestamp": "2025-07-16T18:16:38.543081",
  "sample_size": 1000,
  "metrics": {
    "clinical_gatortron_pretrained": {
      "ami": 0.709159796100106,
      "nmi": 0.7517596022896342,
      "n_samples": 1000,
      "n_clusters": 32
    },
    "clinical_qwen_pretrained": {
      "ami": 0.7852665699003551,
      "nmi": 0.8161798135760302,
      "n_samples": 1000,
      "n_clusters": 32
    },
    "clinical_medgemma_pretrained": {
      "ami": 0.5895615044533546,
      "nmi": 0.6482209539943359,
      "n_samples": 1000,
      "n_clusters": 32
    },
    "clinical_llama_pretrained": {
      "ami": 0.6045420727836821,
      "nmi": 0.6610997128394221,
      "n_samples": 1000,
      "n_clusters": 32
    },
    "pathology_gatortron_pretrained": {
      "ami": 0.34685240321003136,
      "nmi": 0.4375055359419755,
      "n_samples": 1000,
      "n_clusters": 32
    },
    "pathology_gatortron_finetuned": {
      "ami": 0.9133106080481862,
      "nmi": 0.9257081284369266,
      "n_samples": 1000,
      "n_clusters": 32
    },
    "pathology_qwen_pretrained": {
      "ami": 0.3933706740418325,
      "nmi": 0.4783841101193105,
      "n_samples": 1000,
      "n_clusters": 32
    },
    "pathology_qwen_finetuned": {
      "ami": 0.9348577365361209,
      "nmi": 0.9442539097657521,
      "n_samples": 1000,
      "n_clusters": 32
    },
    "pathology_medgemma_pretrained": {
      "ami": 0.255168333408229,
      "nmi": 0.3578618728712206,
      "n_samples": 1000,
      "n_clusters": 32
    },
    "pathology_medgemma_finetuned": {
      "ami": 0.934161456386438,
      "nmi": 0.9433757056201865,
      "n_samples": 1000,
      "n_clusters": 32
    },
    "pathology_llama_pretrained": {
      "ami": 0.3245792556088534,
      "nmi": 0.41759923570731056,
      "n_samples": 1000,
      "n_clusters": 32
    },
    "pathology_llama_finetuned": {
      "ami": 0.9262492106657212,
      "nmi": 0.9366995839811333,
      "n_samples": 1000,
      "n_clusters": 32
    }
  }
}